stop_id,stop_date,officer_id,driver_gender,driver_age,driver_race,ethnicity,violation,is_arrested,stop_outcome
2168033,2004-05-29,10020,M,53.0,White,N,Registration/plates,False,Written Warning
4922383,2009-09-04,21417,M,22.0,Hispanic,H,Other,False,Citation
924766,2001-08-13,10231,M,38.0,White,N,Other,False,Citation
8559541,2014-05-25,11672,F,19.0,White,N,Other,False,Citation
8639335,2014-07-05,21371,F,76.0,White,N,Other,False,Citation
6198324,2011-04-30,11552,M,35.0,White,N,DUI,True,Arrest
58220,2000-02-09,,F,42.0,Black,N,Other,False,Citation
5109631,2009-12-23,11941,M,65.0,Black,N,Seat belt,False,Citation

