stop_id,stop_date,officer_id,driver_gender,driver_age,driver_race,ethnicity,violation,is_arrested,stop_outcome
2168033,2004-05-29,10020,M,53.0,White,N,Registration/plates,False,Written Warning
4922383,2009-09-04,21417,M,22.0,Hispanic,H,Other,False,Citation
5109631,2009-12-23,11941,M,65.0,Black,N,Seat belt,False,Citation
924766,2001-08-13,10231,M,38.0,White,N,Other,False,Citation
2293870,2004-09-25,11387,M,56.0,White,N,Speeding,False,Citation
2294412,2004-09-26,11024,F,27.0,Black,N,Speeding,False,Citation
6224320,2011-05-11,11885,M,25.0,Black,N,Speeding,False,Citation
2773342,2006-01-30,10577,M,52.0,White,N,Speeding,False,Written Warning
8559541,2014-05-25,11672,F,19.0,White,N,Other,False,Citation
9089078,2015-04-01,21247,M,55.0,Hispanic,H,Other,False,Citation
58220,2000-02-09,,F,42.0,Black,N,Other,False,Citation
7449910,2012-10-30,10147,M,52.0,Black,N,Other,False,Citation
9229308,2015-06-15,11915,F,33.0,White,N,Speeding,False,Citation
4257690,2008-08-24,11533,M,25.0,White,N,Seat belt,False,Citation
3964626,2008-03-27,11493,M,40.0,White,N,Other,False,Citation
8017683,2013-08-13,21550,M,56.0,Black,N,Speeding,False,Citation
7303101,2012-08-17,12004,M,19.0,White,N,Seat belt,False,Citation
1899682,2003-10-02,21326,M,45.0,White,N,Other,False,Citation
5239268,2010-02-28,21379,M,19.0,Black,N,Speeding,False,Citation
1569328,2002-12-27,11390,M,31.0,White,N,Safe movement,False,Citation
