stop_id,search_type,contraband_found,search_basis,drugs_related_stop
4173323,Probable Cause,False,Observation Suspected Contraband,
996719,Incident to Arrest,True,Observation Suspected Contraband,
5428741,Incident to Arrest,False,Other Official Info,
824895,Incident to Arrest,False,Erratic Suspicious Behaviour,
816393,Protective Frisk,False,Erratic Suspicious Behaviour,
5657242,Incident to Arrest,False,Other Official Info,
4534875,Incident to Arrest,False,Suspicious Movement,
4733445,Incident to Arrest,False,Other Official Info,
1537273,Incident to Arrest,False,Other Official Info,
2604661,Incident to Arrest,False,Erratic Suspicious Behaviour,
1167265,Incident to Arrest,False,Erratic Suspicious Behaviour,
2003926,Incident to Arrest,True,Other Official Info,
6506702,Incident to Arrest,True,Observation Suspected Contraband,True
7962139,Protective Frisk,False,Other Official Info,
965994,Protective Frisk,False,Erratic Suspicious Behaviour,
7597918,Protective Frisk,False,Other Official Info,
996924,Incident to Arrest,False,Observation Suspected Contraband,
538821,Incident to Arrest,False,Erratic Suspicious Behaviour,
923641,Incident to Arrest,False,Witness Observation,
3690748,Probable Cause,False,Erratic Suspicious Behaviour,
0,Incident to Arrest,False,,
